"Cluster","intercept","slope"
"Global",32.1780932039291,-0.60251741102805
"Jordan",17.821906796071,8.93585074436136
"Korea, South",6.15524012940427,7.26918407769472
