"Cluster","intercept","slope"
"Global",33.3361661705127,-1.45150469618555
"Jordan",14.9971671628207,4.78483802951887
"Korea, South",1.66383382948732,6.45150469618555
