"Cluster","intercept","slope"
"Global",24.8541001482178,-0.134081604669833
"Dominican Republic",-24.8541001482178,0.134081604669824
"Taiwan",6.81256651844889,3.46741493800316
