"Cluster","intercept","slope"
"Global",24.5219812866872,0.365125071007429
"Dominican Republic",-24.5219812866872,-0.365125071007439
"Taiwan",0.478018713312836,7.96820826232591
