"Cluster","intercept","slope"
"Global",24.5219812866872,0.365125071007428
"Dominican Republic",-24.5219812866872,-0.365125071007438
"Taiwan",0.478018713312835,7.96820826232591
