{
    "year": "2015",
    "median_slope": -6.6666666666666705,
    "median_intercept": 23.3333333333334,
    "countries": [
        {
            "name": "China",
            "x": 28.33333333333336,
            "y": -6.6666666666666705
        },
        {
            "name": "India",
            "x": 6.6666666666667,
            "y": -5.0
        },
        {
            "name": "Spain",
            "x": 23.3333333333334,
            "y": -13.33333333333331
        }
    ]
}