{
    "year": "2014",
    "median_slope": -6.66666666666666,
    "median_intercept": 29.99999999999994,
    "countries": [
        {
            "name": "China",
            "x": 31.6666666666666,
            "y": -4.99999999999999
        },
        {
            "name": "India",
            "x": 11.6666666666666,
            "y": -6.66666666666666
        },
        {
            "name": "Spain",
            "x": 29.99999999999994,
            "y": -10.0
        }
    ]
}