{
    "year": "2015",
    "median_slope": -13.333333333333291,
    "median_intercept": 23.33333333333335,
    "countries": [
        {
            "name": "China",
            "x": 23.33333333333335,
            "y": -13.333333333333291
        },
        {
            "name": "India",
            "x": 23.333333333333357,
            "y": -13.333333333333291
        },
        {
            "name": "Spain",
            "x": 13.3333333333334,
            "y": -10.000000000000002
        }
    ]
}