{
    "year": "2014",
    "median_slope": -10.000000000000004,
    "median_intercept": 29.999999999999982,
    "countries": [
        {
            "name": "China",
            "x": 29.999999999999982,
            "y": -9.999999999999993
        },
        {
            "name": "India",
            "x": 29.999999999999993,
            "y": -10.000000000000004
        },
        {
            "name": "Spain",
            "x": 23.333333333333304,
            "y": -13.333333333333293
        }
    ]
}