"Cluster","intercept","slope"
"Global",33.9429851194557,1.827975945623
"Dominican Republic",16.0570148805443,-10.1613092789564
"Taiwan",-2.27631845278905,1.50535738771033
