"Cluster","intercept","slope"
"Global",32.8609299197535,1.5670603905898
"Dominican Republic",18.8057367469132,-4.90039372392315
"Taiwan",-7.86092991975345,6.76627294274353
