"Cluster","intercept","slope"
"Global",31.8266542404473,-0.640394088669949
"China",-26.8266542404474,7.30706075533661
"India",-18.493320907114,-9.35960591133006
"Spain",1.50667909288599,0.640394088669949
