"Cluster","intercept","slope"
"Global",32.6706608085918,-1.09140667761358
"China",-31.0039941419252,6.09140667761358
"India",-9.33732747525851,-12.2419266557198
"Spain",0.662672524741488,1.09140667761358
