"Cluster","intercept","slope"
"Global",31.8871651224592,-0.861344537815122
"Dominican Republic",-31.8871651224592,0.861344537815119
"Taiwan",43.1128348775408,17.5280112044818
