"Cluster","intercept","slope"
"Global",32.7485096602743,-1.1484593837535
"Dominican Republic",-32.7485096602743,1.14845938375349
"Taiwan",28.9181570063923,19.4817927170868
