{
    "year": "2015",
    "median_slope": 1.666666666666664,
    "median_intercept": 15.83333333333334,
    "countries": [
        {
            "name": "Dominican Republic",
            "x": 0.0,
            "y": -8.992806499463768e-15
        },
        {
            "name": "Taiwan",
            "x": 31.66666666666668,
            "y": 3.333333333333337
        }
    ]
}