{
    "year": "2014",
    "median_slope": 4.166666666666664,
    "median_intercept": 12.500000000000018,
    "countries": [
        {
            "name": "Dominican Republic",
            "x": 0.0,
            "y": -9.992007221626409e-15
        },
        {
            "name": "Taiwan",
            "x": 25.000000000000036,
            "y": 8.33333333333334
        }
    ]
}