{
    "year": "2014",
    "median_slope": -7.50000000000002,
    "median_intercept": 26.66666666666665,
    "countries": [
        {
            "name": "Nigeria",
            "x": 15.0,
            "y": 3.3333333333333304
        },
        {
            "name": "Switzerland",
            "x": 38.3333333333333,
            "y": -18.33333333333337
        }
    ]
}