{
    "year": "2015",
    "median_slope": -4.166666666666685,
    "median_intercept": 20.833333333333293,
    "countries": [
        {
            "name": "Nigeria",
            "x": 16.6666666666666,
            "y": 8.33333333333333
        },
        {
            "name": "Switzerland",
            "x": 24.99999999999999,
            "y": -16.6666666666667
        }
    ]
}