"Cluster","intercept","slope"
"Global",28.3397289209646,-1.1644370122631
"Nigeria",-11.673062254298,9.49777034559643
"Switzerland",-3.33972892096461,-15.5022296544036
