"Cluster","intercept","slope"
"Global",29.8386140937628,-1.94277220364177
"Nigeria",-14.8386140937628,5.2761055369751
"Switzerland",8.4947192395705,-16.3905611296916
