{
    "year": "2015",
    "median_slope": -2.5000000000000346,
    "median_intercept": 40.83333333333333,
    "countries": [
        {
            "name": "Dominican Republic",
            "x": 50.0,
            "y": -8.3333333333334
        },
        {
            "name": "Taiwan",
            "x": 31.66666666666665,
            "y": 3.33333333333333
        }
    ]
}