{
    "year": "2014",
    "median_slope": 2.4999999999999902,
    "median_intercept": 38.33333333333338,
    "countries": [
        {
            "name": "Dominican Republic",
            "x": 51.6666666666667,
            "y": -3.33333333333335
        },
        {
            "name": "Taiwan",
            "x": 25.000000000000053,
            "y": 8.33333333333333
        }
    ]
}