"Cluster","intercept","slope"
"Global",32.6191910538415,1.62130215321705
"Jordan",-20.9525243871748,-8.28796881988372
"Korea, South",-0.396968831619284,-10.5101910421059
