"Cluster","intercept","slope"
"Global",33.788871372458,1.54005068898686
"Jordan",-27.1222047057913,-6.54005068898687
"Korea, South",-8.23331581690243,-8.20671735565353
