{
    "year": "2015",
    "median_slope": 0.0,
    "median_intercept": 13.3333333333333,
    "countries": [
        {
            "name": "China",
            "x": 4.9999999999999005,
            "y": 6.666666666666661
        },
        {
            "name": "India",
            "x": 13.3333333333333,
            "y": -10.000000000000009
        },
        {
            "name": "Spain",
            "x": 33.33333333333329,
            "y": 0.0
        }
    ]
}