{
    "year": "2014",
    "median_slope": 0.0,
    "median_intercept": 23.333333333333286,
    "countries": [
        {
            "name": "China",
            "x": 1.6666666666665968,
            "y": 5.0
        },
        {
            "name": "India",
            "x": 23.333333333333286,
            "y": -13.33333333333338
        },
        {
            "name": "Spain",
            "x": 33.333333333333286,
            "y": 0.0
        }
    ]
}